listing_link,anomaly_score
https://facebook.com/marketplace/item/691645976185627/?ref=category_feed&referral_code=undefined&referral_story_type=listing&tracking=%7B%22qid%22%3A%22-3109494678223415736%22%2C%22mf_story_key%22%3A%226783620381658550%22%2C%22commerce_rank_obj%22%3A%22%7B%5C%22target_id%5C%22%3A6783620381658550%2C%5C%22target_type%5C%22%3A0%2C%5C%22primary_position%5C%22%3A0%2C%5C%22ranking_signature%5C%22%3A2279850260726075461%2C%5C%22commerce_channel%5C%22%3A504%2C%5C%22value%5C%22%3A0.00058969966530494%2C%5C%22candidate_retrieval_source_map%5C%22%3A%7B%5C%226783620381658550%5C%22%3A111%7D%7D%22%2C%22ftmd_400706%22%3A%22111112l%22%7D&__tn__=!%3AD,0.18596239000029452
https://facebook.com/marketplace/item/209748332123684/?ref=category_feed&referral_code=undefined&referral_story_type=listing&tracking=%7B%22qid%22%3A%22-3109494678223415736%22%2C%22mf_story_key%22%3A%225874951379274964%22%2C%22commerce_rank_obj%22%3A%22%7B%5C%22target_id%5C%22%3A5874951379274964%2C%5C%22target_type%5C%22%3A0%2C%5C%22primary_position%5C%22%3A1%2C%5C%22ranking_signature%5C%22%3A2279850260726075461%2C%5C%22commerce_channel%5C%22%3A504%2C%5C%22value%5C%22%3A0.00046237280437612%2C%5C%22candidate_retrieval_source_map%5C%22%3A%7B%5C%225874951379274964%5C%22%3A111%7D%7D%22%2C%22ftmd_400706%22%3A%22111112l%22%7D&__tn__=!%3AD,0.10085177902743259
https://facebook.com/marketplace/item/316937914457505/?ref=category_feed&referral_code=undefined&referral_story_type=listing&tracking=%7B%22qid%22%3A%22-3109494678223415736%22%2C%22mf_story_key%22%3A%2223937065205937055%22%2C%22commerce_rank_obj%22%3A%22%7B%5C%22target_id%5C%22%3A23937065205937055%2C%5C%22target_type%5C%22%3A0%2C%5C%22primary_position%5C%22%3A2%2C%5C%22ranking_signature%5C%22%3A2279850260726075461%2C%5C%22commerce_channel%5C%22%3A504%2C%5C%22value%5C%22%3A0.00046237230437612%2C%5C%22candidate_retrieval_source_map%5C%22%3A%7B%5C%2223937065205937055%5C%22%3A111%7D%7D%22%2C%22ftmd_400706%22%3A%22111112l%22%7D&__tn__=!%3AD,0.16429336849520748
https://facebook.com/marketplace/item/327540866532015/?ref=category_feed&referral_code=undefined&referral_story_type=listing&tracking=%7B%22qid%22%3A%22-3109494678223415736%22%2C%22mf_story_key%22%3A%226885577341502199%22%2C%22commerce_rank_obj%22%3A%22%7B%5C%22target_id%5C%22%3A6885577341502199%2C%5C%22target_type%5C%22%3A0%2C%5C%22primary_position%5C%22%3A3%2C%5C%22ranking_signature%5C%22%3A2279850260726075461%2C%5C%22commerce_channel%5C%22%3A504%2C%5C%22value%5C%22%3A0.00046237180437612%2C%5C%22candidate_retrieval_source_map%5C%22%3A%7B%5C%226885577341502199%5C%22%3A111%7D%7D%22%2C%22ftmd_400706%22%3A%22111112l%22%7D&__tn__=!%3AD,0.1245762809579582
https://facebook.com/marketplace/item/603741451730163/?ref=category_feed&referral_code=undefined&referral_story_type=listing&tracking=%7B%22qid%22%3A%22-3109494678223415736%22%2C%22mf_story_key%22%3A%226509270729185579%22%2C%22commerce_rank_obj%22%3A%22%7B%5C%22target_id%5C%22%3A6509270729185579%2C%5C%22target_type%5C%22%3A0%2C%5C%22primary_position%5C%22%3A4%2C%5C%22ranking_signature%5C%22%3A2279850260726075461%2C%5C%22commerce_channel%5C%22%3A504%2C%5C%22value%5C%22%3A0.00046237130437612%2C%5C%22candidate_retrieval_source_map%5C%22%3A%7B%5C%226509270729185579%5C%22%3A111%7D%7D%22%2C%22ftmd_400706%22%3A%22111112l%22%7D&__tn__=!%3AD,0.05489800948335205
https://facebook.com/marketplace/item/967121747708583/?ref=category_feed&referral_code=undefined&referral_story_type=listing&tracking=%7B%22qid%22%3A%22-3109494678223415736%22%2C%22mf_story_key%22%3A%226738749656205319%22%2C%22commerce_rank_obj%22%3A%22%7B%5C%22target_id%5C%22%3A6738749656205319%2C%5C%22target_type%5C%22%3A0%2C%5C%22primary_position%5C%22%3A5%2C%5C%22ranking_signature%5C%22%3A2279850260726075461%2C%5C%22commerce_channel%5C%22%3A504%2C%5C%22value%5C%22%3A0.00046237080437612%2C%5C%22candidate_retrieval_source_map%5C%22%3A%7B%5C%226738749656205319%5C%22%3A111%7D%7D%22%2C%22ftmd_400706%22%3A%22111112l%22%7D&__tn__=!%3AD,0.030995813296170405
https://facebook.com/marketplace/item/862112495210172/?ref=category_feed&referral_code=undefined&referral_story_type=listing&tracking=%7B%22qid%22%3A%22-3109494678223415736%22%2C%22mf_story_key%22%3A%227199401733417989%22%2C%22commerce_rank_obj%22%3A%22%7B%5C%22target_id%5C%22%3A7199401733417989%2C%5C%22target_type%5C%22%3A0%2C%5C%22primary_position%5C%22%3A6%2C%5C%22ranking_signature%5C%22%3A2279850260726075461%2C%5C%22commerce_channel%5C%22%3A504%2C%5C%22value%5C%22%3A0.00046237030437612%2C%5C%22candidate_retrieval_source_map%5C%22%3A%7B%5C%227199401733417989%5C%22%3A111%7D%7D%22%2C%22ftmd_400706%22%3A%22111112l%22%7D&__tn__=!%3AD,0.15092247425696403
https://facebook.com/marketplace/item/1445885069362598/?ref=category_feed&referral_code=undefined&referral_story_type=listing&tracking=%7B%22qid%22%3A%22-3109494678223415736%22%2C%22mf_story_key%22%3A%226393483230777981%22%2C%22commerce_rank_obj%22%3A%22%7B%5C%22target_id%5C%22%3A6393483230777981%2C%5C%22target_type%5C%22%3A0%2C%5C%22primary_position%5C%22%3A7%2C%5C%22ranking_signature%5C%22%3A2279850260726075461%2C%5C%22commerce_channel%5C%22%3A504%2C%5C%22value%5C%22%3A0.00046236980437612%2C%5C%22candidate_retrieval_source_map%5C%22%3A%7B%5C%226393483230777981%5C%22%3A111%7D%7D%22%2C%22ftmd_400706%22%3A%22111112l%22%7D&__tn__=!%3AD,0.12393566265303096
https://facebook.com/marketplace/item/875845480689880/?ref=category_feed&referral_code=undefined&referral_story_type=listing&tracking=%7B%22qid%22%3A%22-3109494678223415736%22%2C%22mf_story_key%22%3A%227110358742316825%22%2C%22commerce_rank_obj%22%3A%22%7B%5C%22target_id%5C%22%3A7110358742316825%2C%5C%22target_type%5C%22%3A0%2C%5C%22primary_position%5C%22%3A8%2C%5C%22ranking_signature%5C%22%3A2279850260726075461%2C%5C%22commerce_channel%5C%22%3A504%2C%5C%22value%5C%22%3A0.00046236930437612%2C%5C%22candidate_retrieval_source_map%5C%22%3A%7B%5C%227110358742316825%5C%22%3A111%7D%7D%22%2C%22ftmd_400706%22%3A%22111112l%22%7D&__tn__=!%3AD,0.13088074579512832
https://abilene.craigslist.org/ctd/d/georgetown-2014-ford-f250-king-ranch/7685877136.html,0.14230162498520027
https://abilene.craigslist.org/ctd/d/georgetown-owner2014-ford/7685862400.html,0.13864289252206835
https://facebook.com/marketplace/item/868359501217636/?ref=category_feed&referral_code=undefined&referral_story_type=listing&tracking=%7B%22qid%22%3A%22-3109494678223415736%22%2C%22mf_story_key%22%3A%226929101723816237%22%2C%22commerce_rank_obj%22%3A%22%7B%5C%22target_id%5C%22%3A6929101723816237%2C%5C%22target_type%5C%22%3A0%2C%5C%22primary_position%5C%22%3A9%2C%5C%22ranking_signature%5C%22%3A2279850260726075461%2C%5C%22commerce_channel%5C%22%3A504%2C%5C%22value%5C%22%3A0.00046236880437612%2C%5C%22candidate_retrieval_source_map%5C%22%3A%7B%5C%226929101723816237%5C%22%3A111%7D%7D%22%2C%22ftmd_400706%22%3A%22111112l%22%7D&__tn__=!%3AD,0.1446137154822576
https://abilene.craigslist.org/ctd/d/georgetown-owner-2017-ram-x4-cummins/7685537878.html,0.14113540010860937
https://facebook.com/marketplace/item/221019310732340/?ref=category_feed&referral_code=undefined&referral_story_type=listing&tracking=%7B%22qid%22%3A%22-3109494678223415736%22%2C%22mf_story_key%22%3A%2223875021422143609%22%2C%22commerce_rank_obj%22%3A%22%7B%5C%22target_id%5C%22%3A23875021422143609%2C%5C%22target_type%5C%22%3A0%2C%5C%22primary_position%5C%22%3A10%2C%5C%22ranking_signature%5C%22%3A2279850260726075461%2C%5C%22commerce_channel%5C%22%3A504%2C%5C%22value%5C%22%3A0.00046236830437612%2C%5C%22candidate_retrieval_source_map%5C%22%3A%7B%5C%2223875021422143609%5C%22%3A111%7D%7D%22%2C%22ftmd_400706%22%3A%22111112l%22%7D&__tn__=!%3AD,0.1218959689428955
https://abilene.craigslist.org/ctd/d/georgetown-owner-2018-ram-x4-cummins/7685499747.html,0.13630659675498263
https://facebook.com/marketplace/item/540153031619394/?ref=category_feed&referral_code=undefined&referral_story_type=listing&tracking=%7B%22qid%22%3A%22-3109494678223415736%22%2C%22mf_story_key%22%3A%226618945708219714%22%2C%22commerce_rank_obj%22%3A%22%7B%5C%22target_id%5C%22%3A6618945708219714%2C%5C%22target_type%5C%22%3A0%2C%5C%22primary_position%5C%22%3A11%2C%5C%22ranking_signature%5C%22%3A2279850260726075461%2C%5C%22commerce_channel%5C%22%3A504%2C%5C%22value%5C%22%3A0.00046236780437612%2C%5C%22candidate_retrieval_source_map%5C%22%3A%7B%5C%226618945708219714%5C%22%3A111%7D%7D%22%2C%22ftmd_400706%22%3A%22111112l%22%7D&__tn__=!%3AD,0.042989215628509436
https://abilene.craigslist.org/cto/d/abilene-2012-bmw-x5/7685467898.html,0.06327754725917423
https://facebook.com/marketplace/item/239556705480533/?ref=category_feed&referral_code=undefined&referral_story_type=listing&tracking=%7B%22qid%22%3A%22-3109494678223415736%22%2C%22mf_story_key%22%3A%226710920452319538%22%2C%22commerce_rank_obj%22%3A%22%7B%5C%22target_id%5C%22%3A6710920452319538%2C%5C%22target_type%5C%22%3A0%2C%5C%22primary_position%5C%22%3A12%2C%5C%22ranking_signature%5C%22%3A2279850260726075461%2C%5C%22commerce_channel%5C%22%3A504%2C%5C%22value%5C%22%3A0.00046236730437612%2C%5C%22candidate_retrieval_source_map%5C%22%3A%7B%5C%226710920452319538%5C%22%3A111%7D%7D%22%2C%22ftmd_400706%22%3A%22111112l%22%7D&__tn__=!%3AD,0.13865588271484158
https://abilene.craigslist.org/ctd/d/georgetown-2015-ford-150-lariat-4x4-50l/7685209595.html,0.1191502343549033
https://facebook.com/marketplace/item/1053460538997748/?ref=category_feed&referral_code=undefined&referral_story_type=listing&tracking=%7B%22qid%22%3A%22-3109494678223415736%22%2C%22mf_story_key%22%3A%226732074930184516%22%2C%22commerce_rank_obj%22%3A%22%7B%5C%22target_id%5C%22%3A6732074930184516%2C%5C%22target_type%5C%22%3A0%2C%5C%22primary_position%5C%22%3A13%2C%5C%22ranking_signature%5C%22%3A2279850260726075461%2C%5C%22commerce_channel%5C%22%3A504%2C%5C%22value%5C%22%3A0.00046236680437612%2C%5C%22candidate_retrieval_source_map%5C%22%3A%7B%5C%226732074930184516%5C%22%3A111%7D%7D%22%2C%22ftmd_400706%22%3A%22111112l%22%7D&__tn__=!%3AD,0.14349622056540895
https://abilene.craigslist.org/ctd/d/georgetown-owner-2020-ford-350-xl-4x4/7684773464.html,0.10649685605121312
https://facebook.com/marketplace/item/1306213180032868/?ref=category_feed&referral_code=undefined&referral_story_type=listing&tracking=%7B%22qid%22%3A%22-3109494678223415736%22%2C%22mf_story_key%22%3A%226821594234590470%22%2C%22commerce_rank_obj%22%3A%22%7B%5C%22target_id%5C%22%3A6821594234590470%2C%5C%22target_type%5C%22%3A0%2C%5C%22primary_position%5C%22%3A14%2C%5C%22ranking_signature%5C%22%3A2279850260726075461%2C%5C%22commerce_channel%5C%22%3A504%2C%5C%22value%5C%22%3A0.00046236630437612%2C%5C%22candidate_retrieval_source_map%5C%22%3A%7B%5C%226821594234590470%5C%22%3A111%7D%7D%22%2C%22ftmd_400706%22%3A%22111112l%22%7D&__tn__=!%3AD,0.12789629559974452
https://abilene.craigslist.org/ctd/d/arlington-2019-ford-450-super-duty/7683971602.html,-0.0178812849770843
https://facebook.com/marketplace/item/301142882760621/?ref=category_feed&referral_code=undefined&referral_story_type=listing&tracking=%7B%22qid%22%3A%22-3109494678223415736%22%2C%22mf_story_key%22%3A%226498268933629259%22%2C%22commerce_rank_obj%22%3A%22%7B%5C%22target_id%5C%22%3A6498268933629259%2C%5C%22target_type%5C%22%3A0%2C%5C%22primary_position%5C%22%3A15%2C%5C%22ranking_signature%5C%22%3A2279850260726075461%2C%5C%22commerce_channel%5C%22%3A504%2C%5C%22value%5C%22%3A0.00046236580437612%2C%5C%22candidate_retrieval_source_map%5C%22%3A%7B%5C%226498268933629259%5C%22%3A111%7D%7D%22%2C%22ftmd_400706%22%3A%22111112l%22%7D&__tn__=!%3AD,0.1799660885783036
https://facebook.com/marketplace/item/318206224149981/?ref=category_feed&referral_code=undefined&referral_story_type=listing&tracking=%7B%22qid%22%3A%22-3109494678223415736%22%2C%22mf_story_key%22%3A%226261372457297677%22%2C%22commerce_rank_obj%22%3A%22%7B%5C%22target_id%5C%22%3A6261372457297677%2C%5C%22target_type%5C%22%3A0%2C%5C%22primary_position%5C%22%3A16%2C%5C%22ranking_signature%5C%22%3A2279850260726075461%2C%5C%22commerce_channel%5C%22%3A504%2C%5C%22value%5C%22%3A0.00043395918810495%2C%5C%22candidate_retrieval_source_map%5C%22%3A%7B%5C%226261372457297677%5C%22%3A111%7D%7D%22%2C%22ftmd_400706%22%3A%22111112l%22%7D&__tn__=!%3AD,0.18476581416772508
https://abilene.craigslist.org/ctd/d/arlington-2015-peterbilt-579-sleeper/7683971042.html,-0.03071784696102875
https://facebook.com/marketplace/item/1034813734302714/?ref=category_feed&referral_code=undefined&referral_story_type=listing&tracking=%7B%22qid%22%3A%22-3109494678223415736%22%2C%22mf_story_key%22%3A%226563688420395906%22%2C%22commerce_rank_obj%22%3A%22%7B%5C%22target_id%5C%22%3A6563688420395906%2C%5C%22target_type%5C%22%3A0%2C%5C%22primary_position%5C%22%3A17%2C%5C%22ranking_signature%5C%22%3A2279850260726075461%2C%5C%22commerce_channel%5C%22%3A504%2C%5C%22value%5C%22%3A0.00043177680109639%2C%5C%22candidate_retrieval_source_map%5C%22%3A%7B%5C%226563688420395906%5C%22%3A111%7D%7D%22%2C%22ftmd_400706%22%3A%22111112l%22%7D&__tn__=!%3AD,0.17950933276122344
https://abilene.craigslist.org/ctd/d/georgetown-2016-ram-2500-power-wagon/7683683024.html,0.14183774540922023
https://facebook.com/marketplace/item/823811852743366/?ref=category_feed&referral_code=undefined&referral_story_type=listing&tracking=%7B%22qid%22%3A%22-3109494678223415736%22%2C%22mf_story_key%22%3A%226654026514635937%22%2C%22commerce_rank_obj%22%3A%22%7B%5C%22target_id%5C%22%3A6654026514635937%2C%5C%22target_type%5C%22%3A0%2C%5C%22primary_position%5C%22%3A18%2C%5C%22ranking_signature%5C%22%3A2279850260726075461%2C%5C%22commerce_channel%5C%22%3A504%2C%5C%22value%5C%22%3A0.00033066990615326%2C%5C%22candidate_retrieval_source_map%5C%22%3A%7B%5C%226654026514635937%5C%22%3A111%7D%7D%22%2C%22ftmd_400706%22%3A%22111112l%22%7D&__tn__=!%3AD,0.17403495961802645
https://abilene.craigslist.org/ctd/d/georgetown-2014-ford-f250-lariat-4x4/7683680061.html,0.13989820895145788
https://abilene.craigslist.org/ctd/d/georgetown-owner2017-ram/7683676152.html,0.12870939627196742
https://facebook.com/marketplace/item/2579682515526200/?ref=category_feed&referral_code=undefined&referral_story_type=listing&tracking=%7B%22qid%22%3A%22-3109494678223415736%22%2C%22mf_story_key%22%3A%227004412286271361%22%2C%22commerce_rank_obj%22%3A%22%7B%5C%22target_id%5C%22%3A7004412286271361%2C%5C%22target_type%5C%22%3A0%2C%5C%22primary_position%5C%22%3A19%2C%5C%22ranking_signature%5C%22%3A2279850260726075461%2C%5C%22commerce_channel%5C%22%3A504%2C%5C%22value%5C%22%3A0.00033066890615326%2C%5C%22candidate_retrieval_source_map%5C%22%3A%7B%5C%227004412286271361%5C%22%3A111%7D%7D%22%2C%22ftmd_400706%22%3A%22111112l%22%7D&__tn__=!%3AD,0.1573383751826588
https://abilene.craigslist.org/ctd/d/georgetown-2014-ford-350-king-ranch-4x4/7683673272.html,0.1291563059292763
https://facebook.com/marketplace/item/1075353137158831/?ref=category_feed&referral_code=undefined&referral_story_type=listing&tracking=%7B%22qid%22%3A%22-3109494678223415736%22%2C%22mf_story_key%22%3A%227051939701506578%22%2C%22commerce_rank_obj%22%3A%22%7B%5C%22target_id%5C%22%3A7051939701506578%2C%5C%22target_type%5C%22%3A0%2C%5C%22primary_position%5C%22%3A20%2C%5C%22ranking_signature%5C%22%3A2279850260726075461%2C%5C%22commerce_channel%5C%22%3A504%2C%5C%22value%5C%22%3A0.00033066790615326%2C%5C%22candidate_retrieval_source_map%5C%22%3A%7B%5C%227051939701506578%5C%22%3A111%7D%7D%22%2C%22ftmd_400706%22%3A%22111112l%22%7D&__tn__=!%3AD,0.17926225200608426
https://abilene.craigslist.org/cto/d/breckenridge-2016-ford-f150-supercrew/7683381642.html,-0.0027951370855203717
https://facebook.com/marketplace/item/3161859473946313/?ref=category_feed&referral_code=undefined&referral_story_type=listing&tracking=%7B%22qid%22%3A%22-3109494678223415736%22%2C%22mf_story_key%22%3A%226459490734137917%22%2C%22commerce_rank_obj%22%3A%22%7B%5C%22target_id%5C%22%3A6459490734137917%2C%5C%22target_type%5C%22%3A0%2C%5C%22primary_position%5C%22%3A21%2C%5C%22ranking_signature%5C%22%3A2279850260726075461%2C%5C%22commerce_channel%5C%22%3A504%2C%5C%22value%5C%22%3A0.00033066690615326%2C%5C%22candidate_retrieval_source_map%5C%22%3A%7B%5C%226459490734137917%5C%22%3A111%7D%7D%22%2C%22ftmd_400706%22%3A%22111112l%22%7D&__tn__=!%3AD,0.18713626161795982
https://abilene.craigslist.org/ctd/d/abilene-hyundai-line-night-edition/7683348275.html,0.03979466120983155
https://facebook.com/marketplace/item/252361069566390/?ref=category_feed&referral_code=undefined&referral_story_type=listing&tracking=%7B%22qid%22%3A%22-3109494678223415736%22%2C%22mf_story_key%22%3A%223806752922682612%22%2C%22commerce_rank_obj%22%3A%22%7B%5C%22target_id%5C%22%3A3806752922682612%2C%5C%22target_type%5C%22%3A0%2C%5C%22primary_position%5C%22%3A22%2C%5C%22ranking_signature%5C%22%3A2279850260726075461%2C%5C%22commerce_channel%5C%22%3A504%2C%5C%22value%5C%22%3A0.00033066590615326%2C%5C%22candidate_retrieval_source_map%5C%22%3A%7B%5C%223806752922682612%5C%22%3A111%7D%7D%22%2C%22ftmd_400706%22%3A%22111112l%22%7D&__tn__=!%3AD,0.1874700834395005
https://abilene.craigslist.org/ctd/d/georgetown-owner-2013-ram-2500-laramie/7683287082.html,0.14122606551809191
https://facebook.com/marketplace/item/1042993293523294/?ref=category_feed&referral_code=undefined&referral_story_type=listing&tracking=%7B%22qid%22%3A%22-3109494678223415736%22%2C%22mf_story_key%22%3A%225812058338896498%22%2C%22commerce_rank_obj%22%3A%22%7B%5C%22target_id%5C%22%3A5812058338896498%2C%5C%22target_type%5C%22%3A0%2C%5C%22primary_position%5C%22%3A23%2C%5C%22ranking_signature%5C%22%3A2279850260726075461%2C%5C%22commerce_channel%5C%22%3A504%2C%5C%22value%5C%22%3A0.00033066490615326%2C%5C%22candidate_retrieval_source_map%5C%22%3A%7B%5C%225812058338896498%5C%22%3A111%7D%7D%22%2C%22ftmd_400706%22%3A%22111112l%22%7D&__tn__=!%3AD,0.030858986598606586
https://abilene.craigslist.org/ctd/d/georgetown-owner-2019-chevy-3500hd-ltz/7683283867.html,0.13079924417412814
https://facebook.com/marketplace/item/2429712523878734/?ref=category_feed&referral_code=undefined&referral_story_type=listing&tracking=%7B%22qid%22%3A%22-3109493922296532348%22%2C%22mf_story_key%22%3A%2224047840464814309%22%2C%22commerce_rank_obj%22%3A%22%7B%5C%22target_id%5C%22%3A24047840464814309%2C%5C%22target_type%5C%22%3A0%2C%5C%22primary_position%5C%22%3A24%2C%5C%22ranking_signature%5C%22%3A2279850260726075461%2C%5C%22commerce_channel%5C%22%3A504%2C%5C%22value%5C%22%3A0.00033066390615326%2C%5C%22candidate_retrieval_source_map%5C%22%3A%7B%5C%2224047840464814309%5C%22%3A111%7D%7D%22%2C%22ftmd_400706%22%3A%22111112l%22%7D&__tn__=!%3AD,0.17200986926549283
https://abilene.craigslist.org/cto/d/abilene-gmc-canyon-2023-elevated/7683089368.html,0.03465979717464063
https://facebook.com/marketplace/item/1234252173933640/?ref=category_feed&referral_code=undefined&referral_story_type=listing&tracking=%7B%22qid%22%3A%22-3109493922296532348%22%2C%22mf_story_key%22%3A%226905641942800731%22%2C%22commerce_rank_obj%22%3A%22%7B%5C%22target_id%5C%22%3A6905641942800731%2C%5C%22target_type%5C%22%3A0%2C%5C%22primary_position%5C%22%3A25%2C%5C%22ranking_signature%5C%22%3A2279850260726075461%2C%5C%22commerce_channel%5C%22%3A504%2C%5C%22value%5C%22%3A0.00033066290615326%2C%5C%22candidate_retrieval_source_map%5C%22%3A%7B%5C%226905641942800731%5C%22%3A111%7D%7D%22%2C%22ftmd_400706%22%3A%22111112l%22%7D&__tn__=!%3AD,0.18713626161795982
https://abilene.craigslist.org/ctd/d/georgetown-2016-ford-250-platinum-4x4/7682972067.html,0.13768723857478643
https://facebook.com/marketplace/item/860848625596083/?ref=category_feed&referral_code=undefined&referral_story_type=listing&tracking=%7B%22qid%22%3A%22-3109493922296532348%22%2C%22mf_story_key%22%3A%226999876953410101%22%2C%22commerce_rank_obj%22%3A%22%7B%5C%22target_id%5C%22%3A6999876953410101%2C%5C%22target_type%5C%22%3A0%2C%5C%22primary_position%5C%22%3A26%2C%5C%22ranking_signature%5C%22%3A2279850260726075461%2C%5C%22commerce_channel%5C%22%3A504%2C%5C%22value%5C%22%3A0.00033066190615326%2C%5C%22candidate_retrieval_source_map%5C%22%3A%7B%5C%226999876953410101%5C%22%3A111%7D%7D%22%2C%22ftmd_400706%22%3A%22111112l%22%7D&__tn__=!%3AD,0.05611327436419844
https://abilene.craigslist.org/ctd/d/georgetown-2015-ford-150-lariat-4x4-50l/7682948878.html,0.13904857016926075
https://facebook.com/marketplace/item/842096457545266/?ref=category_feed&referral_code=undefined&referral_story_type=listing&tracking=%7B%22qid%22%3A%22-3109493922296532348%22%2C%22mf_story_key%22%3A%226880010752041935%22%2C%22commerce_rank_obj%22%3A%22%7B%5C%22target_id%5C%22%3A6880010752041935%2C%5C%22target_type%5C%22%3A0%2C%5C%22primary_position%5C%22%3A27%2C%5C%22ranking_signature%5C%22%3A2279850260726075461%2C%5C%22commerce_channel%5C%22%3A504%2C%5C%22value%5C%22%3A0.00033066090615326%2C%5C%22candidate_retrieval_source_map%5C%22%3A%7B%5C%226880010752041935%5C%22%3A111%7D%7D%22%2C%22ftmd_400706%22%3A%22111112l%22%7D&__tn__=!%3AD,0.1792899399858539
https://facebook.com/marketplace/item/2363132300691295/?ref=category_feed&referral_code=undefined&referral_story_type=listing&tracking=%7B%22qid%22%3A%22-3109493922296532348%22%2C%22mf_story_key%22%3A%227016050085100862%22%2C%22commerce_rank_obj%22%3A%22%7B%5C%22target_id%5C%22%3A7016050085100862%2C%5C%22target_type%5C%22%3A0%2C%5C%22primary_position%5C%22%3A28%2C%5C%22ranking_signature%5C%22%3A2279850260726075461%2C%5C%22commerce_channel%5C%22%3A504%2C%5C%22value%5C%22%3A0.00033065990615326%2C%5C%22candidate_retrieval_source_map%5C%22%3A%7B%5C%227016050085100862%5C%22%3A111%7D%7D%22%2C%22ftmd_400706%22%3A%22111112l%22%7D&__tn__=!%3AD,0.04385667950054006
https://abilene.craigslist.org/ctd/d/georgetown-2017-ford-250-king-ranch-fx4/7682935998.html,0.12556633034364273
https://facebook.com/marketplace/item/750644675842716/?ref=category_feed&referral_code=undefined&referral_story_type=listing&tracking=%7B%22qid%22%3A%22-3109493922296532348%22%2C%22mf_story_key%22%3A%223906278366104550%22%2C%22commerce_rank_obj%22%3A%22%7B%5C%22target_id%5C%22%3A3906278366104550%2C%5C%22target_type%5C%22%3A0%2C%5C%22primary_position%5C%22%3A29%2C%5C%22ranking_signature%5C%22%3A2279850260726075461%2C%5C%22commerce_channel%5C%22%3A504%2C%5C%22value%5C%22%3A0.00032774361345577%2C%5C%22candidate_retrieval_source_map%5C%22%3A%7B%5C%223906278366104550%5C%22%3A111%7D%7D%22%2C%22ftmd_400706%22%3A%22111112l%22%7D&__tn__=!%3AD,0.1848175282650657
https://abilene.craigslist.org/ctd/d/georgetown-owner2021-ram/7682930542.html,0.12066310860143203
https://facebook.com/marketplace/item/1297791320863926/?ref=category_feed&referral_code=undefined&referral_story_type=listing&tracking=%7B%22qid%22%3A%22-3109493922296532348%22%2C%22mf_story_key%22%3A%226929363817076026%22%2C%22commerce_rank_obj%22%3A%22%7B%5C%22target_id%5C%22%3A6929363817076026%2C%5C%22target_type%5C%22%3A0%2C%5C%22primary_position%5C%22%3A30%2C%5C%22ranking_signature%5C%22%3A2279850260726075461%2C%5C%22commerce_channel%5C%22%3A504%2C%5C%22value%5C%22%3A0.00031373646157882%2C%5C%22candidate_retrieval_source_map%5C%22%3A%7B%5C%226929363817076026%5C%22%3A111%7D%7D%22%2C%22ftmd_400706%22%3A%22111112l%22%7D&__tn__=!%3AD,0.18713626161795982
https://abilene.craigslist.org/ctd/d/georgetown-owner-2020-ram-3500-lonestar/7682926985.html,0.10459576629012846
https://facebook.com/marketplace/item/205297167905726/?ref=category_feed&referral_code=undefined&referral_story_type=listing&tracking=%7B%22qid%22%3A%22-3109493922296532348%22%2C%22mf_story_key%22%3A%223392401174222292%22%2C%22commerce_rank_obj%22%3A%22%7B%5C%22target_id%5C%22%3A3392401174222292%2C%5C%22target_type%5C%22%3A0%2C%5C%22primary_position%5C%22%3A31%2C%5C%22ranking_signature%5C%22%3A2279850260726075461%2C%5C%22commerce_channel%5C%22%3A504%2C%5C%22value%5C%22%3A0.00031265404511413%2C%5C%22candidate_retrieval_source_map%5C%22%3A%7B%5C%223392401174222292%5C%22%3A111%7D%7D%22%2C%22ftmd_400706%22%3A%22111112l%22%7D&__tn__=!%3AD,0.18714564823462826
https://abilene.craigslist.org/ctd/d/georgetown-owner-2020-ram-x4-64l-hemi/7682659499.html,0.09063296208902921
https://facebook.com/marketplace/item/810509189575918/?ref=category_feed&referral_code=undefined&referral_story_type=listing&tracking=%7B%22qid%22%3A%22-3109493922296532348%22%2C%22mf_story_key%22%3A%224832055673500740%22%2C%22commerce_rank_obj%22%3A%22%7B%5C%22target_id%5C%22%3A4832055673500740%2C%5C%22target_type%5C%22%3A0%2C%5C%22primary_position%5C%22%3A32%2C%5C%22ranking_signature%5C%22%3A2279850260726075461%2C%5C%22commerce_channel%5C%22%3A504%2C%5C%22value%5C%22%3A0.00029458858326791%2C%5C%22candidate_retrieval_source_map%5C%22%3A%7B%5C%224832055673500740%5C%22%3A111%7D%7D%22%2C%22ftmd_400706%22%3A%22111112l%22%7D&__tn__=!%3AD,0.18753136090512046
https://abilene.craigslist.org/ctd/d/georgetown-owner-2012-ram-2500-laramie/7682643295.html,0.12913977538617455
https://facebook.com/marketplace/item/836499704724534/?ref=category_feed&referral_code=undefined&referral_story_type=listing&tracking=%7B%22qid%22%3A%22-3109493922296532348%22%2C%22mf_story_key%22%3A%224886009724856429%22%2C%22commerce_rank_obj%22%3A%22%7B%5C%22target_id%5C%22%3A4886009724856429%2C%5C%22target_type%5C%22%3A0%2C%5C%22primary_position%5C%22%3A33%2C%5C%22ranking_signature%5C%22%3A2279850260726075461%2C%5C%22commerce_channel%5C%22%3A504%2C%5C%22value%5C%22%3A0.00029418538389904%2C%5C%22candidate_retrieval_source_map%5C%22%3A%7B%5C%224886009724856429%5C%22%3A111%7D%7D%22%2C%22ftmd_400706%22%3A%22111112l%22%7D&__tn__=!%3AD,0.05475745759401013
https://abilene.craigslist.org/ctd/d/georgetown-owner-2017-ram-x4-cummins/7682354852.html,0.13808741550777864
https://facebook.com/marketplace/item/611247626507792/?ref=category_feed&referral_code=undefined&referral_story_type=listing&tracking=%7B%22qid%22%3A%22-3109493853442509703%22%2C%22mf_story_key%22%3A%224133056060120731%22%2C%22commerce_rank_obj%22%3A%22%7B%5C%22target_id%5C%22%3A4133056060120731%2C%5C%22target_type%5C%22%3A0%2C%5C%22primary_position%5C%22%3A34%2C%5C%22ranking_signature%5C%22%3A2279850260726075461%2C%5C%22commerce_channel%5C%22%3A504%2C%5C%22value%5C%22%3A0.00028959550425638%2C%5C%22candidate_retrieval_source_map%5C%22%3A%7B%5C%224133056060120731%5C%22%3A111%7D%7D%22%2C%22ftmd_400706%22%3A%22111112l%22%7D&__tn__=!%3AD,0.18761996593143898
https://abilene.craigslist.org/ctd/d/georgetown-2014-cadillac-cts-20l-turbo/7682336736.html,0.10791024561852375
https://facebook.com/marketplace/item/1727073544461768/?ref=category_feed&referral_code=undefined&referral_story_type=listing&tracking=%7B%22qid%22%3A%22-3109493853442509703%22%2C%22mf_story_key%22%3A%226811631755550678%22%2C%22commerce_rank_obj%22%3A%22%7B%5C%22target_id%5C%22%3A6811631755550678%2C%5C%22target_type%5C%22%3A0%2C%5C%22primary_position%5C%22%3A35%2C%5C%22ranking_signature%5C%22%3A2279850260726075461%2C%5C%22commerce_channel%5C%22%3A504%2C%5C%22value%5C%22%3A0.00028931095858683%2C%5C%22candidate_retrieval_source_map%5C%22%3A%7B%5C%226811631755550678%5C%22%3A111%7D%7D%22%2C%22ftmd_400706%22%3A%22111112l%22%7D&__tn__=!%3AD,0.02171750937448541
https://abilene.craigslist.org/cto/d/snyder-2014-mercedes-benz-ml-350-suv/7682214307.html,0.026960617079861193
https://facebook.com/marketplace/item/239500014409028/?ref=category_feed&referral_code=undefined&referral_story_type=listing&tracking=%7B%22qid%22%3A%22-3109493853442509703%22%2C%22mf_story_key%22%3A%225252261721450691%22%2C%22commerce_rank_obj%22%3A%22%7B%5C%22target_id%5C%22%3A5252261721450691%2C%5C%22target_type%5C%22%3A0%2C%5C%22primary_position%5C%22%3A36%2C%5C%22ranking_signature%5C%22%3A2279850260726075461%2C%5C%22commerce_channel%5C%22%3A504%2C%5C%22value%5C%22%3A0.00028620176490597%2C%5C%22candidate_retrieval_source_map%5C%22%3A%7B%5C%225252261721450691%5C%22%3A111%7D%7D%22%2C%22ftmd_400706%22%3A%22111112l%22%7D&__tn__=!%3AD,0.18714564823462826
https://abilene.craigslist.org/cto/d/abilene-2014-jeep-patriot/7682095911.html,-0.011446317475731438
https://abilene.craigslist.org/cto/d/rule-wd-laramie-turbo-ram/7681757806.html,0.04599964570521936
https://facebook.com/marketplace/item/3594722417412768/?ref=category_feed&referral_code=undefined&referral_story_type=listing&tracking=%7B%22qid%22%3A%22-3109493853442509703%22%2C%22mf_story_key%22%3A%227370200152991515%22%2C%22commerce_rank_obj%22%3A%22%7B%5C%22target_id%5C%22%3A7370200152991515%2C%5C%22target_type%5C%22%3A0%2C%5C%22primary_position%5C%22%3A37%2C%5C%22ranking_signature%5C%22%3A2279850260726075461%2C%5C%22commerce_channel%5C%22%3A504%2C%5C%22value%5C%22%3A0.00028420095876856%2C%5C%22candidate_retrieval_source_map%5C%22%3A%7B%5C%227370200152991515%5C%22%3A111%7D%7D%22%2C%22ftmd_400706%22%3A%22111112l%22%7D&__tn__=!%3AD,0.1707998571729935
https://abilene.craigslist.org/cto/d/clyde-2014-ford-f150-fx2-crew-cab-great/7681238845.html,0.02197260350359459
https://facebook.com/marketplace/item/247378564970932/?ref=category_feed&referral_code=undefined&referral_story_type=listing&tracking=%7B%22qid%22%3A%22-3109493853442509703%22%2C%22mf_story_key%22%3A%2223964094746571558%22%2C%22commerce_rank_obj%22%3A%22%7B%5C%22target_id%5C%22%3A23964094746571558%2C%5C%22target_type%5C%22%3A0%2C%5C%22primary_position%5C%22%3A38%2C%5C%22ranking_signature%5C%22%3A2279850260726075461%2C%5C%22commerce_channel%5C%22%3A504%2C%5C%22value%5C%22%3A0.00027964728862768%2C%5C%22candidate_retrieval_source_map%5C%22%3A%7B%5C%2223964094746571558%5C%22%3A111%7D%7D%22%2C%22ftmd_400706%22%3A%22111112l%22%7D&__tn__=!%3AD,0.1817734713343247
https://abilene.craigslist.org/ctd/d/abilene-hyundai-elantra/7681061021.html,0.05029596196625413
https://facebook.com/marketplace/item/572109638394771/?ref=category_feed&referral_code=undefined&referral_story_type=listing&tracking=%7B%22qid%22%3A%22-3109493853442509703%22%2C%22mf_story_key%22%3A%226720695804634608%22%2C%22commerce_rank_obj%22%3A%22%7B%5C%22target_id%5C%22%3A6720695804634608%2C%5C%22target_type%5C%22%3A0%2C%5C%22primary_position%5C%22%3A39%2C%5C%22ranking_signature%5C%22%3A2279850260726075461%2C%5C%22commerce_channel%5C%22%3A504%2C%5C%22value%5C%22%3A0.00027835904601257%2C%5C%22candidate_retrieval_source_map%5C%22%3A%7B%5C%226720695804634608%5C%22%3A111%7D%7D%22%2C%22ftmd_400706%22%3A%22111112l%22%7D&__tn__=!%3AD,0.18009361046234534
https://abilene.craigslist.org/ctd/d/abilene-2013-hyundai-accent/7681060496.html,0.05594094445557429
https://facebook.com/marketplace/item/6777495772335748/?ref=category_feed&referral_code=undefined&referral_story_type=listing&tracking=%7B%22qid%22%3A%22-3109493853442509703%22%2C%22mf_story_key%22%3A%227675834902432257%22%2C%22commerce_rank_obj%22%3A%22%7B%5C%22target_id%5C%22%3A7675834902432257%2C%5C%22target_type%5C%22%3A0%2C%5C%22primary_position%5C%22%3A40%2C%5C%22ranking_signature%5C%22%3A2279850260726075461%2C%5C%22commerce_channel%5C%22%3A504%2C%5C%22value%5C%22%3A0.00027835002476093%2C%5C%22candidate_retrieval_source_map%5C%22%3A%7B%5C%227675834902432257%5C%22%3A111%7D%7D%22%2C%22ftmd_400706%22%3A%22111112l%22%7D&__tn__=!%3AD,0.14986769699766278
https://abilene.craigslist.org/ctd/d/abilene-chev-impala/7681059853.html,0.017526257955390256
https://facebook.com/marketplace/item/366466235822804/?ref=category_feed&referral_code=undefined&referral_story_type=listing&tracking=%7B%22qid%22%3A%22-3109493853442509703%22%2C%22mf_story_key%22%3A%227280919468599218%22%2C%22commerce_rank_obj%22%3A%22%7B%5C%22target_id%5C%22%3A7280919468599218%2C%5C%22target_type%5C%22%3A0%2C%5C%22primary_position%5C%22%3A41%2C%5C%22ranking_signature%5C%22%3A2279850260726075461%2C%5C%22commerce_channel%5C%22%3A504%2C%5C%22value%5C%22%3A0.00027649351370894%2C%5C%22candidate_retrieval_source_map%5C%22%3A%7B%5C%227280919468599218%5C%22%3A111%7D%7D%22%2C%22ftmd_400706%22%3A%22111112l%22%7D&__tn__=!%3AD,0.16806550282781013
https://abilene.craigslist.org/ctd/d/abilene-2014-chevy/7681058686.html,0.05477290460728734
https://facebook.com/marketplace/item/184070794738760/?ref=category_feed&referral_code=undefined&referral_story_type=listing&tracking=%7B%22qid%22%3A%22-3109493853442509703%22%2C%22mf_story_key%22%3A%226923731800998413%22%2C%22commerce_rank_obj%22%3A%22%7B%5C%22target_id%5C%22%3A6923731800998413%2C%5C%22target_type%5C%22%3A0%2C%5C%22primary_position%5C%22%3A42%2C%5C%22ranking_signature%5C%22%3A2279850260726075461%2C%5C%22commerce_channel%5C%22%3A504%2C%5C%22value%5C%22%3A0.0002755464887663%2C%5C%22candidate_retrieval_source_map%5C%22%3A%7B%5C%226923731800998413%5C%22%3A111%7D%7D%22%2C%22ftmd_400706%22%3A%22111112l%22%7D&__tn__=!%3AD,0.1774492931727455
https://abilene.craigslist.org/ctd/d/georgetown-2021-toyota-4runner-sr5/7681015177.html,0.10462856961402456
https://facebook.com/marketplace/item/252931141099916/?ref=category_feed&referral_code=undefined&referral_story_type=listing&tracking=%7B%22qid%22%3A%22-3109493853442509703%22%2C%22mf_story_key%22%3A%228163122500365203%22%2C%22commerce_rank_obj%22%3A%22%7B%5C%22target_id%5C%22%3A8163122500365203%2C%5C%22target_type%5C%22%3A0%2C%5C%22primary_position%5C%22%3A43%2C%5C%22ranking_signature%5C%22%3A2279850260726075461%2C%5C%22commerce_channel%5C%22%3A504%2C%5C%22value%5C%22%3A0.00027279304578343%2C%5C%22candidate_retrieval_source_map%5C%22%3A%7B%5C%228163122500365203%5C%22%3A111%7D%7D%22%2C%22ftmd_400706%22%3A%22111112l%22%7D&__tn__=!%3AD,0.1723584804683761
https://abilene.craigslist.org/cto/d/rule-wd-laramie-turbo-ram/7680703826.html,0.04599964570521936
https://facebook.com/marketplace/item/577767797814250/?ref=category_feed&referral_code=undefined&referral_story_type=listing&tracking=%7B%22qid%22%3A%22-3109493784697207428%22%2C%22mf_story_key%22%3A%227079276225426118%22%2C%22commerce_rank_obj%22%3A%22%7B%5C%22target_id%5C%22%3A7079276225426118%2C%5C%22target_type%5C%22%3A0%2C%5C%22primary_position%5C%22%3A44%2C%5C%22ranking_signature%5C%22%3A2279850260726075461%2C%5C%22commerce_channel%5C%22%3A504%2C%5C%22value%5C%22%3A0.00027238447872511%2C%5C%22candidate_retrieval_source_map%5C%22%3A%7B%5C%227079276225426118%5C%22%3A111%7D%7D%22%2C%22ftmd_400706%22%3A%22111112l%22%7D&__tn__=!%3AD,0.07556318897918501
https://abilene.craigslist.org/ctd/d/georgetown-2015-ram-2500-longhorn-mega/7680588689.html,0.1392140833500518
https://facebook.com/marketplace/item/866618571796832/?ref=category_feed&referral_code=undefined&referral_story_type=listing&tracking=%7B%22qid%22%3A%22-3109493784697207428%22%2C%22mf_story_key%22%3A%226997761820284711%22%2C%22commerce_rank_obj%22%3A%22%7B%5C%22target_id%5C%22%3A6997761820284711%2C%5C%22target_type%5C%22%3A0%2C%5C%22primary_position%5C%22%3A45%2C%5C%22ranking_signature%5C%22%3A2279850260726075461%2C%5C%22commerce_channel%5C%22%3A504%2C%5C%22value%5C%22%3A0.00027165574293313%2C%5C%22candidate_retrieval_source_map%5C%22%3A%7B%5C%226997761820284711%5C%22%3A111%7D%7D%22%2C%22ftmd_400706%22%3A%22111112l%22%7D&__tn__=!%3AD,0.04167203165437211
https://abilene.craigslist.org/cto/d/clyde-2017-hyundai-tuscon-limited-suv/7680412587.html,0.04166519899940785
https://facebook.com/marketplace/item/811065319768996/?ref=category_feed&referral_code=undefined&referral_story_type=listing&tracking=%7B%22qid%22%3A%22-3109493784697207428%22%2C%22mf_story_key%22%3A%224090912647611060%22%2C%22commerce_rank_obj%22%3A%22%7B%5C%22target_id%5C%22%3A4090912647611060%2C%5C%22target_type%5C%22%3A0%2C%5C%22primary_position%5C%22%3A46%2C%5C%22ranking_signature%5C%22%3A2279850260726075461%2C%5C%22commerce_channel%5C%22%3A504%2C%5C%22value%5C%22%3A0.00027122213981783%2C%5C%22candidate_retrieval_source_map%5C%22%3A%7B%5C%224090912647611060%5C%22%3A111%7D%7D%22%2C%22ftmd_400706%22%3A%22111112l%22%7D&__tn__=!%3AD,0.18780700437853798
https://abilene.craigslist.org/ctd/d/georgetown-2012-ram/7680305055.html,0.12496835375674564
https://facebook.com/marketplace/item/812906179356702/?ref=category_feed&referral_code=undefined&referral_story_type=listing&tracking=%7B%22qid%22%3A%22-3109493784697207428%22%2C%22mf_story_key%22%3A%224180899835304976%22%2C%22commerce_rank_obj%22%3A%22%7B%5C%22target_id%5C%22%3A4180899835304976%2C%5C%22target_type%5C%22%3A0%2C%5C%22primary_position%5C%22%3A47%2C%5C%22ranking_signature%5C%22%3A2279850260726075461%2C%5C%22commerce_channel%5C%22%3A504%2C%5C%22value%5C%22%3A0.00027077507847758%2C%5C%22candidate_retrieval_source_map%5C%22%3A%7B%5C%224180899835304976%5C%22%3A111%7D%7D%22%2C%22ftmd_400706%22%3A%22111112l%22%7D&__tn__=!%3AD,0.18714564823462826
https://abilene.craigslist.org/cto/d/clyde-2016-hyundai-santa-fe-sport/7679481348.html,0.03327665339692032
https://facebook.com/marketplace/item/835069998364553/?ref=category_feed&referral_code=undefined&referral_story_type=listing&tracking=%7B%22qid%22%3A%22-3109493784697207428%22%2C%22mf_story_key%22%3A%2224237464249185308%22%2C%22commerce_rank_obj%22%3A%22%7B%5C%22target_id%5C%22%3A24237464249185308%2C%5C%22target_type%5C%22%3A0%2C%5C%22primary_position%5C%22%3A48%2C%5C%22ranking_signature%5C%22%3A2279850260726075461%2C%5C%22commerce_channel%5C%22%3A504%2C%5C%22value%5C%22%3A0.00026906153486122%2C%5C%22candidate_retrieval_source_map%5C%22%3A%7B%5C%2224237464249185308%5C%22%3A111%7D%7D%22%2C%22ftmd_400706%22%3A%22111112l%22%7D&__tn__=!%3AD,0.014676370351309698
https://abilene.craigslist.org/ctd/d/georgetown-2014-ram-x4-cummins-auto/7678877978.html,0.13080431946714566
https://facebook.com/marketplace/item/349660720873930/?ref=category_feed&referral_code=undefined&referral_story_type=listing&tracking=%7B%22qid%22%3A%22-3109493784697207428%22%2C%22mf_story_key%22%3A%227011429852233840%22%2C%22commerce_rank_obj%22%3A%22%7B%5C%22target_id%5C%22%3A7011429852233840%2C%5C%22target_type%5C%22%3A0%2C%5C%22primary_position%5C%22%3A49%2C%5C%22ranking_signature%5C%22%3A2279850260726075461%2C%5C%22commerce_channel%5C%22%3A504%2C%5C%22value%5C%22%3A0.00026886237960509%2C%5C%22candidate_retrieval_source_map%5C%22%3A%7B%5C%227011429852233840%5C%22%3A111%7D%7D%22%2C%22ftmd_400706%22%3A%22111112l%22%7D&__tn__=!%3AD,0.18250311252758095
https://abilene.craigslist.org/ctd/d/georgetown-2017-ram-2500slt4x464l/7678852100.html,0.14399505276303026
https://facebook.com/marketplace/item/6827289437365710/?ref=category_feed&referral_code=undefined&referral_story_type=listing&tracking=%7B%22qid%22%3A%22-3109493784697207428%22%2C%22mf_story_key%22%3A%226801627283263992%22%2C%22commerce_rank_obj%22%3A%22%7B%5C%22target_id%5C%22%3A6801627283263992%2C%5C%22target_type%5C%22%3A0%2C%5C%22primary_position%5C%22%3A50%2C%5C%22ranking_signature%5C%22%3A2279850260726075461%2C%5C%22commerce_channel%5C%22%3A504%2C%5C%22value%5C%22%3A0.00026642337804429%2C%5C%22candidate_retrieval_source_map%5C%22%3A%7B%5C%226801627283263992%5C%22%3A111%7D%7D%22%2C%22ftmd_400706%22%3A%22111112l%22%7D&__tn__=!%3AD,0.1641144807873059
https://abilene.craigslist.org/ctd/d/lubbock-no-credit-check-toyota-rav4-xle/7678820439.html,0.002898395907380946
https://facebook.com/marketplace/item/640378738057865/?ref=category_feed&referral_code=undefined&referral_story_type=listing&tracking=%7B%22qid%22%3A%22-3109493784697207428%22%2C%22mf_story_key%22%3A%226373737236046000%22%2C%22commerce_rank_obj%22%3A%22%7B%5C%22target_id%5C%22%3A6373737236046000%2C%5C%22target_type%5C%22%3A0%2C%5C%22primary_position%5C%22%3A51%2C%5C%22ranking_signature%5C%22%3A2279850260726075461%2C%5C%22commerce_channel%5C%22%3A504%2C%5C%22value%5C%22%3A0.0002644682419056%2C%5C%22candidate_retrieval_source_map%5C%22%3A%7B%5C%226373737236046000%5C%22%3A111%7D%7D%22%2C%22ftmd_400706%22%3A%22111112l%22%7D&__tn__=!%3AD,0.17909161271208118
https://abilene.craigslist.org/cto/d/clyde-2018-hyundai-kona-door-hatchback/7678764770.html,0.03415303203722447
https://facebook.com/marketplace/item/499327427839861/?ref=category_feed&referral_code=undefined&referral_story_type=listing&tracking=%7B%22qid%22%3A%22-3109493784697207428%22%2C%22mf_story_key%22%3A%224435441399799978%22%2C%22commerce_rank_obj%22%3A%22%7B%5C%22target_id%5C%22%3A4435441399799978%2C%5C%22target_type%5C%22%3A0%2C%5C%22primary_position%5C%22%3A52%2C%5C%22ranking_signature%5C%22%3A2279850260726075461%2C%5C%22commerce_channel%5C%22%3A504%2C%5C%22value%5C%22%3A0.00026440241334753%2C%5C%22candidate_retrieval_source_map%5C%22%3A%7B%5C%224435441399799978%5C%22%3A111%7D%7D%22%2C%22ftmd_400706%22%3A%22111112l%22%7D&__tn__=!%3AD,0.18753136090512046
https://abilene.craigslist.org/ctd/d/georgetown-2011-ford-350-lariat-4x4/7678241386.html,0.09055779550252968
https://facebook.com/marketplace/item/612280444451418/?ref=category_feed&referral_code=undefined&referral_story_type=listing&tracking=%7B%22qid%22%3A%22-3109493784697207428%22%2C%22mf_story_key%22%3A%226875141339171820%22%2C%22commerce_rank_obj%22%3A%22%7B%5C%22target_id%5C%22%3A6875141339171820%2C%5C%22target_type%5C%22%3A0%2C%5C%22primary_position%5C%22%3A53%2C%5C%22ranking_signature%5C%22%3A2279850260726075461%2C%5C%22commerce_channel%5C%22%3A504%2C%5C%22value%5C%22%3A0.000263787284624%2C%5C%22candidate_retrieval_source_map%5C%22%3A%7B%5C%226875141339171820%5C%22%3A111%7D%7D%22%2C%22ftmd_400706%22%3A%22111112l%22%7D&__tn__=!%3AD,0.18713626161795982
https://abilene.craigslist.org/ctd/d/abilene-2016-nissan-rogue-sv-low-miles/7678204295.html,0.06859122325442468
https://facebook.com/marketplace/item/181068718405692/?ref=category_feed&referral_code=undefined&referral_story_type=listing&tracking=%7B%22qid%22%3A%22-3109493647278525419%22%2C%22mf_story_key%22%3A%227514059778622287%22%2C%22commerce_rank_obj%22%3A%22%7B%5C%22target_id%5C%22%3A7514059778622287%2C%5C%22target_type%5C%22%3A0%2C%5C%22primary_position%5C%22%3A54%2C%5C%22ranking_signature%5C%22%3A2279850260726075461%2C%5C%22commerce_channel%5C%22%3A504%2C%5C%22value%5C%22%3A0.0002586335301188%2C%5C%22candidate_retrieval_source_map%5C%22%3A%7B%5C%227514059778622287%5C%22%3A111%7D%7D%22%2C%22ftmd_400706%22%3A%22111112l%22%7D&__tn__=!%3AD,0.18623941753769735
https://abilene.craigslist.org/ctd/d/georgetown-2016-ram-2500-power-wagon/7678145437.html,0.14183774540922023
https://facebook.com/marketplace/item/708104963988344/?ref=category_feed&referral_code=undefined&referral_story_type=listing&tracking=%7B%22qid%22%3A%22-3109493647278525419%22%2C%22mf_story_key%22%3A%227508812822466381%22%2C%22commerce_rank_obj%22%3A%22%7B%5C%22target_id%5C%22%3A7508812822466381%2C%5C%22target_type%5C%22%3A0%2C%5C%22primary_position%5C%22%3A55%2C%5C%22ranking_signature%5C%22%3A2279850260726075461%2C%5C%22commerce_channel%5C%22%3A504%2C%5C%22value%5C%22%3A0.00025847711802929%2C%5C%22candidate_retrieval_source_map%5C%22%3A%7B%5C%227508812822466381%5C%22%3A111%7D%7D%22%2C%22ftmd_400706%22%3A%22111112l%22%7D&__tn__=!%3AD,0.18384758690876263
https://abilene.craigslist.org/ctd/d/georgetown-2018-nissan-titan-xd-sl-4x4/7678122376.html,0.13336917160867512
https://facebook.com/marketplace/item/847605073776820/?ref=category_feed&referral_code=undefined&referral_story_type=listing&tracking=%7B%22qid%22%3A%22-3109493647278525419%22%2C%22mf_story_key%22%3A%226875792922497854%22%2C%22commerce_rank_obj%22%3A%22%7B%5C%22target_id%5C%22%3A6875792922497854%2C%5C%22target_type%5C%22%3A0%2C%5C%22primary_position%5C%22%3A56%2C%5C%22ranking_signature%5C%22%3A2279850260726075461%2C%5C%22commerce_channel%5C%22%3A504%2C%5C%22value%5C%22%3A0.00025513934060094%2C%5C%22candidate_retrieval_source_map%5C%22%3A%7B%5C%226875792922497854%5C%22%3A111%7D%7D%22%2C%22ftmd_400706%22%3A%22111112l%22%7D&__tn__=!%3AD,0.173492849128834
https://abilene.craigslist.org/ctd/d/georgetown-2015-gmc-sierra-2500hd-sle/7678081326.html,0.13914141662536728
https://facebook.com/marketplace/item/512136424425938/?ref=category_feed&referral_code=undefined&referral_story_type=listing&tracking=%7B%22qid%22%3A%22-3109493647278525419%22%2C%22mf_story_key%22%3A%226345456655489794%22%2C%22commerce_rank_obj%22%3A%22%7B%5C%22target_id%5C%22%3A6345456655489794%2C%5C%22target_type%5C%22%3A0%2C%5C%22primary_position%5C%22%3A57%2C%5C%22ranking_signature%5C%22%3A2279850260726075461%2C%5C%22commerce_channel%5C%22%3A504%2C%5C%22value%5C%22%3A0.0002544060889966%2C%5C%22candidate_retrieval_source_map%5C%22%3A%7B%5C%226345456655489794%5C%22%3A111%7D%7D%22%2C%22ftmd_400706%22%3A%22111112l%22%7D&__tn__=!%3AD,0.1831797028453639
https://facebook.com/marketplace/item/875478317524267/?ref=category_feed&referral_code=undefined&referral_story_type=listing&tracking=%7B%22qid%22%3A%22-3109493647278525419%22%2C%22mf_story_key%22%3A%226576839159030788%22%2C%22commerce_rank_obj%22%3A%22%7B%5C%22target_id%5C%22%3A6576839159030788%2C%5C%22target_type%5C%22%3A0%2C%5C%22primary_position%5C%22%3A58%2C%5C%22ranking_signature%5C%22%3A2279850260726075461%2C%5C%22commerce_channel%5C%22%3A504%2C%5C%22value%5C%22%3A0.00025421946451855%2C%5C%22candidate_retrieval_source_map%5C%22%3A%7B%5C%226576839159030788%5C%22%3A111%7D%7D%22%2C%22ftmd_400706%22%3A%22111112l%22%7D&__tn__=!%3AD,0.18063621572482608
https://facebook.com/marketplace/item/1303971803269483/?ref=category_feed&referral_code=undefined&referral_story_type=listing&tracking=%7B%22qid%22%3A%22-3109493647278525419%22%2C%22mf_story_key%22%3A%223874552352567592%22%2C%22commerce_rank_obj%22%3A%22%7B%5C%22target_id%5C%22%3A3874552352567592%2C%5C%22target_type%5C%22%3A0%2C%5C%22primary_position%5C%22%3A59%2C%5C%22ranking_signature%5C%22%3A2279850260726075461%2C%5C%22commerce_channel%5C%22%3A504%2C%5C%22value%5C%22%3A0.00025093016081031%2C%5C%22candidate_retrieval_source_map%5C%22%3A%7B%5C%223874552352567592%5C%22%3A111%7D%7D%22%2C%22ftmd_400706%22%3A%22111112l%22%7D&__tn__=!%3AD,0.1874700834395005
https://facebook.com/marketplace/item/743389857611453/?ref=category_feed&referral_code=undefined&referral_story_type=listing&tracking=%7B%22qid%22%3A%22-3109493647278525419%22%2C%22mf_story_key%22%3A%225628681707256716%22%2C%22commerce_rank_obj%22%3A%22%7B%5C%22target_id%5C%22%3A5628681707256716%2C%5C%22target_type%5C%22%3A0%2C%5C%22primary_position%5C%22%3A60%2C%5C%22ranking_signature%5C%22%3A2279850260726075461%2C%5C%22commerce_channel%5C%22%3A504%2C%5C%22value%5C%22%3A0.00025042378171611%2C%5C%22candidate_retrieval_source_map%5C%22%3A%7B%5C%225628681707256716%5C%22%3A111%7D%7D%22%2C%22ftmd_400706%22%3A%22111112l%22%7D&__tn__=!%3AD,0.16960915968965506
https://facebook.com/marketplace/item/1320822815985246/?ref=category_feed&referral_code=undefined&referral_story_type=listing&tracking=%7B%22qid%22%3A%22-3109493647278525419%22%2C%22mf_story_key%22%3A%226676401885785356%22%2C%22commerce_rank_obj%22%3A%22%7B%5C%22target_id%5C%22%3A6676401885785356%2C%5C%22target_type%5C%22%3A0%2C%5C%22primary_position%5C%22%3A61%2C%5C%22ranking_signature%5C%22%3A2279850260726075461%2C%5C%22commerce_channel%5C%22%3A504%2C%5C%22value%5C%22%3A0.00024953241590812%2C%5C%22candidate_retrieval_source_map%5C%22%3A%7B%5C%226676401885785356%5C%22%3A111%7D%7D%22%2C%22ftmd_400706%22%3A%22111112l%22%7D&__tn__=!%3AD,0.18551098054038923
https://facebook.com/marketplace/item/888400062292875/?ref=category_feed&referral_code=undefined&referral_story_type=listing&tracking=%7B%22qid%22%3A%22-3109493647278525419%22%2C%22mf_story_key%22%3A%227099151220103888%22%2C%22commerce_rank_obj%22%3A%22%7B%5C%22target_id%5C%22%3A7099151220103888%2C%5C%22target_type%5C%22%3A0%2C%5C%22primary_position%5C%22%3A62%2C%5C%22ranking_signature%5C%22%3A2279850260726075461%2C%5C%22commerce_channel%5C%22%3A504%2C%5C%22value%5C%22%3A0.00024913602234624%2C%5C%22candidate_retrieval_source_map%5C%22%3A%7B%5C%227099151220103888%5C%22%3A111%7D%7D%22%2C%22ftmd_400706%22%3A%22111112l%22%7D&__tn__=!%3AD,0.02860455322330069
https://facebook.com/marketplace/item/692471112757199/?ref=category_feed&referral_code=undefined&referral_story_type=listing&tracking=%7B%22qid%22%3A%22-3109493647278525419%22%2C%22mf_story_key%22%3A%227073362946007125%22%2C%22commerce_rank_obj%22%3A%22%7B%5C%22target_id%5C%22%3A7073362946007125%2C%5C%22target_type%5C%22%3A0%2C%5C%22primary_position%5C%22%3A63%2C%5C%22ranking_signature%5C%22%3A2279850260726075461%2C%5C%22commerce_channel%5C%22%3A504%2C%5C%22value%5C%22%3A0.00024824005013581%2C%5C%22candidate_retrieval_source_map%5C%22%3A%7B%5C%227073362946007125%5C%22%3A111%7D%7D%22%2C%22ftmd_400706%22%3A%22111112l%22%7D&__tn__=!%3AD,0.17907050597671365
https://facebook.com/marketplace/item/724794062841981/?ref=category_feed&referral_code=undefined&referral_story_type=listing&tracking=%7B%22qid%22%3A%22-3109493578601662816%22%2C%22mf_story_key%22%3A%226455335197923107%22%2C%22commerce_rank_obj%22%3A%22%7B%5C%22target_id%5C%22%3A6455335197923107%2C%5C%22target_type%5C%22%3A0%2C%5C%22primary_position%5C%22%3A64%2C%5C%22ranking_signature%5C%22%3A2279850260726075461%2C%5C%22commerce_channel%5C%22%3A504%2C%5C%22value%5C%22%3A0.0002473661787207%2C%5C%22candidate_retrieval_source_map%5C%22%3A%7B%5C%226455335197923107%5C%22%3A111%7D%7D%22%2C%22ftmd_400706%22%3A%22111112l%22%7D&__tn__=!%3AD,0.14085733189109162
https://facebook.com/marketplace/item/1744651996037909/?ref=category_feed&referral_code=undefined&referral_story_type=listing&tracking=%7B%22qid%22%3A%22-3109493578601662816%22%2C%22mf_story_key%22%3A%2224482083294716073%22%2C%22commerce_rank_obj%22%3A%22%7B%5C%22target_id%5C%22%3A24482083294716073%2C%5C%22target_type%5C%22%3A0%2C%5C%22primary_position%5C%22%3A65%2C%5C%22ranking_signature%5C%22%3A2279850260726075461%2C%5C%22commerce_channel%5C%22%3A504%2C%5C%22value%5C%22%3A0.00024699994254941%2C%5C%22candidate_retrieval_source_map%5C%22%3A%7B%5C%2224482083294716073%5C%22%3A111%7D%7D%22%2C%22ftmd_400706%22%3A%22111112l%22%7D&__tn__=!%3AD,0.1831797028453639
https://facebook.com/marketplace/item/1031123891553900/?ref=category_feed&referral_code=undefined&referral_story_type=listing&tracking=%7B%22qid%22%3A%22-3109493578601662816%22%2C%22mf_story_key%22%3A%227743186782362810%22%2C%22commerce_rank_obj%22%3A%22%7B%5C%22target_id%5C%22%3A7743186782362810%2C%5C%22target_type%5C%22%3A0%2C%5C%22primary_position%5C%22%3A66%2C%5C%22ranking_signature%5C%22%3A2279850260726075461%2C%5C%22commerce_channel%5C%22%3A504%2C%5C%22value%5C%22%3A0.00024636949067561%2C%5C%22candidate_retrieval_source_map%5C%22%3A%7B%5C%227743186782362810%5C%22%3A111%7D%7D%22%2C%22ftmd_400706%22%3A%22111112l%22%7D&__tn__=!%3AD,0.164039503936043
https://facebook.com/marketplace/item/1382167789316524/?ref=category_feed&referral_code=undefined&referral_story_type=listing&tracking=%7B%22qid%22%3A%22-3109493578601662816%22%2C%22mf_story_key%22%3A%226747696025273863%22%2C%22commerce_rank_obj%22%3A%22%7B%5C%22target_id%5C%22%3A6747696025273863%2C%5C%22target_type%5C%22%3A0%2C%5C%22primary_position%5C%22%3A67%2C%5C%22ranking_signature%5C%22%3A2279850260726075461%2C%5C%22commerce_channel%5C%22%3A504%2C%5C%22value%5C%22%3A0.00024618629210533%2C%5C%22candidate_retrieval_source_map%5C%22%3A%7B%5C%226747696025273863%5C%22%3A111%7D%7D%22%2C%22ftmd_400706%22%3A%22111112l%22%7D&__tn__=!%3AD,0.1704424610556231
https://facebook.com/marketplace/item/1051138925908176/?ref=category_feed&referral_code=undefined&referral_story_type=listing&tracking=%7B%22qid%22%3A%22-3109493578601662816%22%2C%22mf_story_key%22%3A%226156395624462361%22%2C%22commerce_rank_obj%22%3A%22%7B%5C%22target_id%5C%22%3A6156395624462361%2C%5C%22target_type%5C%22%3A0%2C%5C%22primary_position%5C%22%3A68%2C%5C%22ranking_signature%5C%22%3A2279850260726075461%2C%5C%22commerce_channel%5C%22%3A504%2C%5C%22value%5C%22%3A0.0002458122012473%2C%5C%22candidate_retrieval_source_map%5C%22%3A%7B%5C%226156395624462361%5C%22%3A111%7D%7D%22%2C%22ftmd_400706%22%3A%22111112l%22%7D&__tn__=!%3AD,0.16174675471888023
https://facebook.com/marketplace/item/650044040579311/?ref=category_feed&referral_code=undefined&referral_story_type=listing&tracking=%7B%22qid%22%3A%22-3109493578601662816%22%2C%22mf_story_key%22%3A%227058164530890063%22%2C%22commerce_rank_obj%22%3A%22%7B%5C%22target_id%5C%22%3A7058164530890063%2C%5C%22target_type%5C%22%3A0%2C%5C%22primary_position%5C%22%3A69%2C%5C%22ranking_signature%5C%22%3A2279850260726075461%2C%5C%22commerce_channel%5C%22%3A504%2C%5C%22value%5C%22%3A0.00024545915388051%2C%5C%22candidate_retrieval_source_map%5C%22%3A%7B%5C%227058164530890063%5C%22%3A111%7D%7D%22%2C%22ftmd_400706%22%3A%22111112l%22%7D&__tn__=!%3AD,0.17764476231710002
https://facebook.com/marketplace/item/2845065872376313/?ref=category_feed&referral_code=undefined&referral_story_type=listing&tracking=%7B%22qid%22%3A%22-3109493578601662816%22%2C%22mf_story_key%22%3A%223481639908617548%22%2C%22commerce_rank_obj%22%3A%22%7B%5C%22target_id%5C%22%3A3481639908617548%2C%5C%22target_type%5C%22%3A0%2C%5C%22primary_position%5C%22%3A70%2C%5C%22ranking_signature%5C%22%3A2279850260726075461%2C%5C%22commerce_channel%5C%22%3A504%2C%5C%22value%5C%22%3A0.00024439985727541%2C%5C%22candidate_retrieval_source_map%5C%22%3A%7B%5C%223481639908617548%5C%22%3A111%7D%7D%22%2C%22ftmd_400706%22%3A%22111112l%22%7D&__tn__=!%3AD,0.18761996593143898
https://facebook.com/marketplace/item/717526650429555/?ref=category_feed&referral_code=undefined&referral_story_type=listing&tracking=%7B%22qid%22%3A%22-3109493578601662816%22%2C%22mf_story_key%22%3A%226813853378736199%22%2C%22commerce_rank_obj%22%3A%22%7B%5C%22target_id%5C%22%3A6813853378736199%2C%5C%22target_type%5C%22%3A0%2C%5C%22primary_position%5C%22%3A71%2C%5C%22ranking_signature%5C%22%3A2279850260726075461%2C%5C%22commerce_channel%5C%22%3A504%2C%5C%22value%5C%22%3A0.00024387682452178%2C%5C%22candidate_retrieval_source_map%5C%22%3A%7B%5C%226813853378736199%5C%22%3A111%7D%7D%22%2C%22ftmd_400706%22%3A%22111112l%22%7D&__tn__=!%3AD,0.17447650468938009
https://facebook.com/marketplace/item/2598197947012547/?ref=category_feed&referral_code=undefined&referral_story_type=listing&tracking=%7B%22qid%22%3A%22-3109493578601662816%22%2C%22mf_story_key%22%3A%226712611645448707%22%2C%22commerce_rank_obj%22%3A%22%7B%5C%22target_id%5C%22%3A6712611645448707%2C%5C%22target_type%5C%22%3A0%2C%5C%22primary_position%5C%22%3A72%2C%5C%22ranking_signature%5C%22%3A2279850260726075461%2C%5C%22commerce_channel%5C%22%3A504%2C%5C%22value%5C%22%3A0.00024344704997629%2C%5C%22candidate_retrieval_source_map%5C%22%3A%7B%5C%226712611645448707%5C%22%3A111%7D%7D%22%2C%22ftmd_400706%22%3A%22111112l%22%7D&__tn__=!%3AD,0.100369068821408
https://facebook.com/marketplace/item/1523962168362219/?ref=category_feed&referral_code=undefined&referral_story_type=listing&tracking=%7B%22qid%22%3A%22-3109493578601662816%22%2C%22mf_story_key%22%3A%226659214790863091%22%2C%22commerce_rank_obj%22%3A%22%7B%5C%22target_id%5C%22%3A6659214790863091%2C%5C%22target_type%5C%22%3A0%2C%5C%22primary_position%5C%22%3A73%2C%5C%22ranking_signature%5C%22%3A2279850260726075461%2C%5C%22commerce_channel%5C%22%3A504%2C%5C%22value%5C%22%3A0.00024279678500098%2C%5C%22candidate_retrieval_source_map%5C%22%3A%7B%5C%226659214790863091%5C%22%3A111%7D%7D%22%2C%22ftmd_400706%22%3A%22111112l%22%7D&__tn__=!%3AD,0.17329388620025316
https://facebook.com/marketplace/item/1729121994179470/?ref=category_feed&referral_code=undefined&referral_story_type=listing&tracking=%7B%22qid%22%3A%22-3109493578657853856%22%2C%22mf_story_key%22%3A%227340218476028655%22%2C%22commerce_rank_obj%22%3A%22%7B%5C%22target_id%5C%22%3A7340218476028655%2C%5C%22target_type%5C%22%3A0%2C%5C%22primary_position%5C%22%3A74%2C%5C%22ranking_signature%5C%22%3A2279850260726075461%2C%5C%22commerce_channel%5C%22%3A504%2C%5C%22value%5C%22%3A0.00024218468529168%2C%5C%22candidate_retrieval_source_map%5C%22%3A%7B%5C%227340218476028655%5C%22%3A111%7D%7D%22%2C%22ftmd_400706%22%3A%22111112l%22%7D&__tn__=!%3AD,0.15567646230885518
https://facebook.com/marketplace/item/246481848101373/?ref=category_feed&referral_code=undefined&referral_story_type=listing&tracking=%7B%22qid%22%3A%22-3109493578657853856%22%2C%22mf_story_key%22%3A%2224392364123710312%22%2C%22commerce_rank_obj%22%3A%22%7B%5C%22target_id%5C%22%3A24392364123710312%2C%5C%22target_type%5C%22%3A0%2C%5C%22primary_position%5C%22%3A75%2C%5C%22ranking_signature%5C%22%3A2279850260726075461%2C%5C%22commerce_channel%5C%22%3A504%2C%5C%22value%5C%22%3A0.00024026050553206%2C%5C%22candidate_retrieval_source_map%5C%22%3A%7B%5C%2224392364123710312%5C%22%3A111%7D%7D%22%2C%22ftmd_400706%22%3A%22111112l%22%7D&__tn__=!%3AD,0.1876577958717826
https://facebook.com/marketplace/item/635508172126200/?ref=category_feed&referral_code=undefined&referral_story_type=listing&tracking=%7B%22qid%22%3A%22-3109493578657853856%22%2C%22mf_story_key%22%3A%226964856930201844%22%2C%22commerce_rank_obj%22%3A%22%7B%5C%22target_id%5C%22%3A6964856930201844%2C%5C%22target_type%5C%22%3A0%2C%5C%22primary_position%5C%22%3A76%2C%5C%22ranking_signature%5C%22%3A2279850260726075461%2C%5C%22commerce_channel%5C%22%3A504%2C%5C%22value%5C%22%3A0.00023867168381169%2C%5C%22candidate_retrieval_source_map%5C%22%3A%7B%5C%226964856930201844%5C%22%3A111%7D%7D%22%2C%22ftmd_400706%22%3A%22111112l%22%7D&__tn__=!%3AD,0.1748493915305913
https://facebook.com/marketplace/item/865911388411786/?ref=category_feed&referral_code=undefined&referral_story_type=listing&tracking=%7B%22qid%22%3A%22-3109493578657853856%22%2C%22mf_story_key%22%3A%226953224304743674%22%2C%22commerce_rank_obj%22%3A%22%7B%5C%22target_id%5C%22%3A6953224304743674%2C%5C%22target_type%5C%22%3A0%2C%5C%22primary_position%5C%22%3A77%2C%5C%22ranking_signature%5C%22%3A2279850260726075461%2C%5C%22commerce_channel%5C%22%3A504%2C%5C%22value%5C%22%3A0.00023660072832451%2C%5C%22candidate_retrieval_source_map%5C%22%3A%7B%5C%226953224304743674%5C%22%3A111%7D%7D%22%2C%22ftmd_400706%22%3A%22111112l%22%7D&__tn__=!%3AD,0.1630204107016024
https://facebook.com/marketplace/item/1057173708973569/?ref=category_feed&referral_code=undefined&referral_story_type=listing&tracking=%7B%22qid%22%3A%22-3109493578657853856%22%2C%22mf_story_key%22%3A%226800161480075363%22%2C%22commerce_rank_obj%22%3A%22%7B%5C%22target_id%5C%22%3A6800161480075363%2C%5C%22target_type%5C%22%3A0%2C%5C%22primary_position%5C%22%3A78%2C%5C%22ranking_signature%5C%22%3A2279850260726075461%2C%5C%22commerce_channel%5C%22%3A504%2C%5C%22value%5C%22%3A0.0002363194013744%2C%5C%22candidate_retrieval_source_map%5C%22%3A%7B%5C%226800161480075363%5C%22%3A111%7D%7D%22%2C%22ftmd_400706%22%3A%22111112l%22%7D&__tn__=!%3AD,0.16960915968965506
https://facebook.com/marketplace/item/689117246272052/?ref=category_feed&referral_code=undefined&referral_story_type=listing&tracking=%7B%22qid%22%3A%22-3109493578657853856%22%2C%22mf_story_key%22%3A%226691609400928885%22%2C%22commerce_rank_obj%22%3A%22%7B%5C%22target_id%5C%22%3A6691609400928885%2C%5C%22target_type%5C%22%3A0%2C%5C%22primary_position%5C%22%3A79%2C%5C%22ranking_signature%5C%22%3A2279850260726075461%2C%5C%22commerce_channel%5C%22%3A504%2C%5C%22value%5C%22%3A0.00023630254980189%2C%5C%22candidate_retrieval_source_map%5C%22%3A%7B%5C%226691609400928885%5C%22%3A111%7D%7D%22%2C%22ftmd_400706%22%3A%22111112l%22%7D&__tn__=!%3AD,0.17922929984416724
https://facebook.com/marketplace/item/1033487987675067/?ref=category_feed&referral_code=undefined&referral_story_type=listing&tracking=%7B%22qid%22%3A%22-3109493578657853856%22%2C%22mf_story_key%22%3A%226334931596618112%22%2C%22commerce_rank_obj%22%3A%22%7B%5C%22target_id%5C%22%3A6334931596618112%2C%5C%22target_type%5C%22%3A0%2C%5C%22primary_position%5C%22%3A80%2C%5C%22ranking_signature%5C%22%3A2279850260726075461%2C%5C%22commerce_channel%5C%22%3A504%2C%5C%22value%5C%22%3A0.00023380890106744%2C%5C%22candidate_retrieval_source_map%5C%22%3A%7B%5C%226334931596618112%5C%22%3A111%7D%7D%22%2C%22ftmd_400706%22%3A%22111112l%22%7D&__tn__=!%3AD,0.056526107666673986
https://facebook.com/marketplace/item/1423063564938795/?ref=category_feed&referral_code=undefined&referral_story_type=listing&tracking=%7B%22qid%22%3A%22-3109493578657853856%22%2C%22mf_story_key%22%3A%226887387797985460%22%2C%22commerce_rank_obj%22%3A%22%7B%5C%22target_id%5C%22%3A6887387797985460%2C%5C%22target_type%5C%22%3A0%2C%5C%22primary_position%5C%22%3A81%2C%5C%22ranking_signature%5C%22%3A2279850260726075461%2C%5C%22commerce_channel%5C%22%3A504%2C%5C%22value%5C%22%3A0.00023236290384452%2C%5C%22candidate_retrieval_source_map%5C%22%3A%7B%5C%226887387797985460%5C%22%3A111%7D%7D%22%2C%22ftmd_400706%22%3A%22111112l%22%7D&__tn__=!%3AD,0.1831797028453639
https://facebook.com/marketplace/item/1569633040445668/?ref=category_feed&referral_code=undefined&referral_story_type=listing&tracking=%7B%22qid%22%3A%22-3109493578657853856%22%2C%22mf_story_key%22%3A%227104446476242275%22%2C%22commerce_rank_obj%22%3A%22%7B%5C%22target_id%5C%22%3A7104446476242275%2C%5C%22target_type%5C%22%3A0%2C%5C%22primary_position%5C%22%3A82%2C%5C%22ranking_signature%5C%22%3A2279850260726075461%2C%5C%22commerce_channel%5C%22%3A504%2C%5C%22value%5C%22%3A0.000227653428925%2C%5C%22candidate_retrieval_source_map%5C%22%3A%7B%5C%227104446476242275%5C%22%3A111%7D%7D%22%2C%22ftmd_400706%22%3A%22111112l%22%7D&__tn__=!%3AD,-0.006943396072467856
https://facebook.com/marketplace/item/638201943802825/?ref=category_feed&referral_code=undefined&referral_story_type=listing&tracking=%7B%22qid%22%3A%22-3109493578657853856%22%2C%22mf_story_key%22%3A%224003514343100682%22%2C%22commerce_rank_obj%22%3A%22%7B%5C%22target_id%5C%22%3A4003514343100682%2C%5C%22target_type%5C%22%3A0%2C%5C%22primary_position%5C%22%3A83%2C%5C%22ranking_signature%5C%22%3A2279850260726075461%2C%5C%22commerce_channel%5C%22%3A504%2C%5C%22value%5C%22%3A0.00022437808429128%2C%5C%22candidate_retrieval_source_map%5C%22%3A%7B%5C%224003514343100682%5C%22%3A111%7D%7D%22%2C%22ftmd_400706%22%3A%22111112l%22%7D&__tn__=!%3AD,0.18714564823462826
https://facebook.com/marketplace/item/1252127768793348/?ref=category_feed&referral_code=undefined&referral_story_type=listing&tracking=%7B%22qid%22%3A%22-3109485744609678962%22%2C%22mf_story_key%22%3A%226755505424547846%22%2C%22commerce_rank_obj%22%3A%22%7B%5C%22target_id%5C%22%3A6755505424547846%2C%5C%22target_type%5C%22%3A0%2C%5C%22primary_position%5C%22%3A0%2C%5C%22ranking_signature%5C%22%3A7949062064823175610%2C%5C%22commerce_channel%5C%22%3A504%2C%5C%22value%5C%22%3A0.00064363813046581%2C%5C%22candidate_retrieval_source_map%5C%22%3A%7B%5C%226755505424547846%5C%22%3A111%7D%7D%22%2C%22ftmd_400706%22%3A%22111112l%22%7D&__tn__=!%3AD,0.0180201601574127
https://facebook.com/marketplace/item/1019802952621019/?ref=category_feed&referral_code=undefined&referral_story_type=listing&tracking=%7B%22qid%22%3A%22-3109485744609678962%22%2C%22mf_story_key%22%3A%226764632973613619%22%2C%22commerce_rank_obj%22%3A%22%7B%5C%22target_id%5C%22%3A6764632973613619%2C%5C%22target_type%5C%22%3A0%2C%5C%22primary_position%5C%22%3A1%2C%5C%22ranking_signature%5C%22%3A7949062064823175610%2C%5C%22commerce_channel%5C%22%3A504%2C%5C%22value%5C%22%3A0.00051315233784352%2C%5C%22candidate_retrieval_source_map%5C%22%3A%7B%5C%226764632973613619%5C%22%3A111%7D%7D%22%2C%22ftmd_400706%22%3A%22111112l%22%7D&__tn__=!%3AD,0.05254372603546836
https://facebook.com/marketplace/item/844839854017409/?ref=category_feed&referral_code=undefined&referral_story_type=listing&tracking=%7B%22qid%22%3A%22-3109485744609678962%22%2C%22mf_story_key%22%3A%226949590868433198%22%2C%22commerce_rank_obj%22%3A%22%7B%5C%22target_id%5C%22%3A6949590868433198%2C%5C%22target_type%5C%22%3A0%2C%5C%22primary_position%5C%22%3A2%2C%5C%22ranking_signature%5C%22%3A7949062064823175610%2C%5C%22commerce_channel%5C%22%3A504%2C%5C%22value%5C%22%3A0.00051315183784352%2C%5C%22candidate_retrieval_source_map%5C%22%3A%7B%5C%226949590868433198%5C%22%3A111%7D%7D%22%2C%22ftmd_400706%22%3A%22111112l%22%7D&__tn__=!%3AD,0.05778912416568971
