mini hardtop 2 door 2005,
mini hardtop 2 door 2020,19803
toyota land cruiser 2016,44973
toyota sequoia 2014,21712
toyota yaris ia 2018,12707
nissan rogue sport 2021,20640
gmc savana 3500 cargo 2020,31792
ford f-450 2024,
nissan maxima 2018,16399
nissan titan crew cab 2017,22249
kia k900 2010,30700
ram promaster city 2019,17644
mazda 929 2017,1993
kia forte koup 2014,8397
aston-martin db12 2022,258086
nissan altima 2022,22605
ram 1500 classic regular cab 2018,
gmc sierra 1500 crew cab 2021,38714
dodge ram 50 2014,2248
nissan sentra 2017,9059
toyota prius 2013,10582
dodge ramcharger 2021,3516
volkswagen jetta sportwagen 2012,
volkswagen passat 2016,
kia optima 2014,
cadillac xt6 2019,
mazda 929 2016,
toyota camry 2013,
ram 1500 classic crew cab 2019,
hyundai xg350 2015,
nissan maxima 2014,
ram 1500 classic quad cab 2019,
nissan nv200 2019,
tesla model y 2019,
nissan titan xd 2017,
toyota tacoma 2017,
toyota corolla 2021,
toyota camry 2017,
kia rio 2014,
audi e-tron 2018,
honda accord crosstour 2012,
toyota 86 2016,
ford crown victoria 2011,
dodge rd200 / rd250 2015,
mini hardtop 2 door 2013,
nissan nv200 2020,
toyota prius prime 2020,
gmc sierra 2500 hd crew cab 2022,
jeep gladiator 2023,
toyota grand highlander 2021,
lincoln navigator l 2021,
honda odyssey 2024,
nissan stanza 2020,
toyota supra 2018,
volkswagen jetta 2019,
honda monkey 2019,
toyota tacoma 2014,
toyota prius v 2013,
bmw x3 m 2003,
chevrolet silverado 1500 crew cab 2002,
kia k900 2012,
mazda 929 2014,
ram promaster window van 2023,
volkswagen beetle 2019,23367
infiniti m37 2011,
honda s2000 2007,25903
toyota corolla im 2018,15972
acura legend 2022,2994
gmc sierra 1500 crew cab 2022,47094
cadillac lyriq 2012,
gmc sierra 1500 crew cab 2016,24795
dodge ram 50 2013,2248
dodge ram 50 2011,2248
toyota sienna 2013,12177
toyota rav4 prime 2014,
nissan rogue 2012,6213
infiniti q40 2011,12968
dodge ramcharger 2015,3516
toyota camry 2019,18883
tesla model y 2021,
mazda cx-9 2023,
honda civic 2023,
dodge viper 2013,
ram 1500 classic crew cab 2021,
nissan altima 2011,
toyota tundra 2016,
chevrolet silverado 1500 crew cab 2008,
volkswagen r32 2021,
toyota t100 2010,
dodge ram 50 2021,
nissan versa 2021,
landrover discovery sport 2015,
mazda 626 2015,
honda passport 2013,
honda accord 2011,
mercedes-benz s-class 2017,
lincoln corsair 2023,
volvo v60 2019,
jeep wrangler unlimited 2014,
bmw i3 2013,
dodge ramcharger 2017,
dodge ram 50 2017,
tesla model y 2016,
dodge ram 50 2018,
hyundai sonata 2012,
toyota prius 2016,
toyota prius v 2015,
gmc sierra 2500 hd crew cab 2023,
landrover new range rover 2014,
ford f150 super cab 2004,
ram 1500 classic crew cab 2013,
landrover range rover velar 2023,
subaru crosstrek 2017,
toyota 4runner 2016,
nissan pathfinder 2013,
toyota camry 2014,
gmc vandura 2500 2018,
mercedes-benz c-class 2016,
nissan murano 2015,
volvo v90 2019,
landrover range rover sport 2012,
ford transit connect passenger wagon 2013,
ford f150 lightning 2013,
volvo v60 2016,
nissan sentra 2012,
toyota corolla 2022,
mazda cx-9 2011,
subaru outback 2018,
nissan rogue 2016,
gmc sierra 1500 crew cab 2017,
toyota 4runner 2021,
volkswagen taos 2022,
nissan rogue sport 2018,
porsche macan 2015,
mercedes-benz s-class 2011,
volkswagen tiguan 2020,
toyota grand highlander 2020,
chrysler sebring 2017,
honda prelude 2012,
chevrolet hearse/limo commercial chassis 2016,
toyota highlander hybrid 2018,
toyota 4runner 2011,
toyota corolla 2015,
porsche panamera 2014,
nissan versa 2022,
gmc sierra 1500 crew cab 2013,
ram 1500 classic crew cab 2022,
ford transit 350 passenger van 2017,
landrover range rover velar 2020,
landrover new range rover 2023,
nissan versa 2020,
ford f150 lightning 2012,
hyundai tucson 2012,
