volvo v90 2019,30226
volvo v60 2019,26871
volvo v60 2016,14701
volvo v60 2013,
volvo v60 2012,
volvo c30 2011,7907
volkswagen tiguan 2020,22085
volkswagen taos 2024,
volkswagen taos 2022,21352
volkswagen r32 2021,12574
volkswagen r32 2012,12574
volkswagen passat 2016,9603
volkswagen jetta sportwagen 2012,7222
volkswagen jetta 2019,14924
volkswagen jetta 2015,8292
volkswagen jetta 2013,6789
volkswagen jetta 2012,6516
volkswagen golf alltrack 2015,22994
volkswagen beetle 2019,23367
volkswagen beetle 2014,10763
volkswagen atlas cross sport 2019,
toyota yaris ia 2018,12707
toyota venza 2021,29593
toyota venza 2013,11467
toyota tundra 2020,33200
toyota tundra 2019,
toyota tundra 2016,
toyota tundra 2014,
toyota tacoma 2023,
toyota tacoma 2022,
toyota tacoma 2017,
toyota tacoma 2014,
toyota tacoma 2013,
toyota tacoma 2006,
toyota t100 2010,
toyota supra 2018,
toyota supra 2017,
toyota supra 2013,
toyota sienna 2017,
toyota sienna 2013,
toyota sequoia 2014,
toyota sequoia 2012,
toyota rav4 prime 2014,
toyota prius v 2015,
toyota prius v 2013,
toyota prius prime 2020,
toyota prius 2016,
toyota prius 2013,
toyota mr2 2019,
toyota mr2 2017,
toyota land cruiser 2016,
toyota highlander hybrid 2018,
toyota highlander 2023,
toyota highlander 2021,
toyota highlander 2020,
toyota highlander 2015,
toyota highlander 2014,
toyota grand highlander 2021,
toyota grand highlander 2020,
toyota grand highlander 2016,
toyota corolla im 2018,
toyota corolla hatchback 2022,
toyota corolla cross 2014,
toyota corolla 2023,
toyota corolla 2022,
toyota corolla 2021,
toyota corolla 2017,
toyota corolla 2016,
toyota corolla 2015,
toyota camry hybrid 2022,
toyota camry hybrid 2012,
toyota camry 2022,
toyota camry 2021,
toyota camry 2020,
toyota camry 2019,
toyota camry 2018,
toyota camry 2017,
toyota camry 2014,11417
toyota camry 2013,9987
toyota camry 2011,8179
toyota avalon 2011,9266
toyota 86 2019,23139
toyota 86 2016,23167
toyota 4runner 2021,39052
toyota 4runner 2020,37876
toyota 4runner 2016,27164
toyota 4runner 2011,17982
tesla model y 2021,30117
tesla model y 2019,
tesla model y 2016,
subaru outback 2018,17560
subaru outback 2017,14840
subaru outback 2014,9190
subaru forester 2021,23874
subaru forester 2016,12865
subaru forester 2015,11061
subaru forester 2014,9771
subaru forester 2012,
subaru crosstrek 2021,
subaru crosstrek 2017,
subaru brz 2020,
subaru ascent 2023,
ram promaster window van 2023,
ram promaster city 2019,
ram promaster 2500 2018,
ram 1500 classic regular cab 2019,
ram 1500 classic regular cab 2018,
ram 1500 classic quad cab 2019,
ram 1500 classic crew cab 2022,
ram 1500 classic crew cab 2021,
ram 1500 classic crew cab 2019,
ram 1500 classic crew cab 2018,
ram 1500 classic crew cab 2013,
porsche panamera 2014,
porsche macan 2021,
porsche macan 2015,
porsche cayenne 2018,
polestar 2 2001,
nissan versa note 2015,
nissan versa note 2011,
nissan versa 2022,
nissan versa 2021,
nissan versa 2020,
nissan versa 2016,
nissan titan xd 2017,
nissan titan xd 2012,
nissan titan crew cab 2017,
nissan stanza 2020,
nissan sentra 2021,
nissan sentra 2020,
nissan sentra 2019,
nissan sentra 2017,
nissan sentra 2012,
nissan rogue sport 2021,
nissan rogue sport 2018,
nissan rogue select 2015,
nissan rogue 2017,
nissan rogue 2016,
nissan rogue 2015,
nissan rogue 2012,
nissan pathfinder 2017,
nissan pathfinder 2014,
nissan pathfinder 2013,
nissan nv200 2022,
nissan nv200 2020,
nissan nv200 2019,
nissan nv200 2017,
nissan nv200 2016,
nissan murano 2015,
nissan maxima 2018,
nissan maxima 2016,
nissan maxima 2014,
nissan kicks 2019,
nissan juke 2012,
nissan frontier crew cab 2018,
nissan frontier crew cab 2013,
nissan frontier 2022,
nissan frontier 2016,
nissan frontier 2015,
nissan armada 2021,
nissan altima 2022,
nissan altima 2020,
nissan altima 2017,
nissan altima 2015,
nissan altima 2014,
nissan altima 2011,
mitsubishi outlander 2022,
mitsubishi mirage 2017,
mitsubishi lancer 2014,
mitsubishi lancer 2011,
mitsubishi eclipse cross 2023,
mini hardtop 4 door 2014,
mini hardtop 2 door 2020,
mini hardtop 2 door 2013,
mini hardtop 2 door 2005,
mercedes-benz sprinter 2022,
mercedes-benz s-class 2020,
mercedes-benz s-class 2017,